userId,gameId,rating
3,1,4
6,2,5
8,3,4
10,4,4
11,3,4.5
12,5,4
13,6,4
14,7,4.5
16,7,3
19,7,5
22,2,3
23,8,4
24,9,4
31,10,3
34,7,5
39,11,5
47,12,1
53,13,4
54,14,4
58,15,5
59,16,4.5
66,7,4
69,8,4
80,17,3
82,18,5
84,19,5
90,20,3.5
91,21,4
93,21,5
96,22,3.5
97,23,4
99,24,4
105,25,4
107,26,4
109,27,3.5
114,20,3
115,28,1.5
116,29,3
117,17,3
124,30,5
126,31,4
129,32,4
130,33,3
131,34,2
133,35,4
134,36,4
135,37,4
136,38,5
137,39,4
140,40,4
143,41,4
144,42,3
146,25,3
147,43,4.5
149,2,5
155,44,2.5
156,45,5
159,37,5
160,45,5
162,46,3
168,45,4.5
170,47,4
172,48,5
175,49,3.5
186,50,4
188,51,3
189,52,5
199,53,4
202,54,5
204,55,5
205,22,4
208,26,4
209,24,4
215,56,2
216,57,4
220,17,4
221,24,4
232,34,3
233,58,5
235,59,2
237,60,4.5
238,61,4
239,62,5
251,53,4
258,48,4
259,63,5
260,64,3
264,60,3.5
267,65,4
269,66,1
271,67,1.5
274,68,3
275,69,4
279,70,4
280,71,4
285,72,2.5
286,73,4
289,74,3
294,50,4.5
295,75,4
296,76,5
298,55,4
303,77,4
305,78,5
306,58,4
307,79,5
309,80,4
313,81,4
314,72,5
315,82,5
316,83,2.5
317,84,2.5
318,85,5
324,86,3
325,87,5
329,88,4
330,9,4
332,89,4
336,90,5
337,48,4.5
344,91,4
347,92,4
354,93,5
359,94,5
360,95,5
361,65,4
367,96,3
370,97,4.5
372,98,4
375,99,4
377,100,5
388,12,2.5
389,101,3
398,102,2.5
399,103,5
401,60,5
402,104,4
409,105,5
413,106,4.5
419,107,4
422,108,3
425,109,5
427,46,4
430,110,2.5
432,111,4.5
436,112,4.5
440,113,4
443,114,5
447,115,4.5
453,116,5
461,117,5
462,77,3
466,118,4.5
471,119,3
473,91,5
474,109,5
475,120,5
479,121,5
482,33,5
483,122,4
485,123,3
488,33,3
489,124,5
490,125,4
492,126,3.5
496,106,5
505,26,4.5
508,127,4
514,53,1
516,128,5
520,129,5
521,108,5
524,130,4
531,131,3.5
536,132,4
539,127,5
543,133,2
546,134,2.5
547,135,4
548,136,3.5
550,137,4
552,138,3
557,99,2.5
564,139,3
570,140,5
571,141,3
572,142,5
578,143,4.5
584,66,5
585,58,5
586,144,2.5
587,125,5
588,145,4
589,146,5
590,147,3.5
591,148,5
592,149,4
593,150,5
600,151,4
601,152,5
603,43,4
604,81,3.5
607,153,5
609,154,3
611,155,5
614,43,3
616,156,3
619,157,4
624,158,3
627,152,4
628,159,4
631,160,4
635,99,5
637,106,4
642,161,3
643,162,3
648,163,4
649,164,3
651,165,5
652,127,3
656,166,3
658,167,5
659,168,3
664,169,5
666,170,5
667,171,4.5
673,132,3
674,172,4
678,173,4
681,134,4
683,174,5
684,175,4
685,135,5
686,176,2
688,177,3
689,178,3
690,179,3
694,142,4.5
699,180,4
700,122,4
702,181,3.5
708,182,3
710,183,4
711,184,5
712,185,3
714,186,4
715,187,5
717,188,4.5
724,189,4.5
725,190,5
728,144,5
729,87,3
733,142,5
735,191,3.5
736,192,5
737,193,4
738,194,3.5
739,195,3.5
741,196,5
742,197,5
744,198,4
749,113,4
755,199,3.5
757,200,5
758,201,3
761,51,3
763,202,1
766,203,5
769,175,5
772,81,3
773,113,4
774,204,3.5
775,205,4.5
776,206,4.5
778,207,4
781,208,5
783,46,4
785,209,5
786,210,2.5
787,211,4
789,212,4
792,213,4.5
797,214,5
799,215,4
802,216,5
804,200,3.5
805,217,5
807,218,5
809,219,5
812,220,4
814,221,5
817,222,4
818,100,5
822,223,3.5
824,224,4
827,225,4
829,226,5
838,227,4.5
839,228,4
841,229,3.5
846,230,3.5
849,218,5
850,231,5
852,186,5
853,232,5
857,193,4
858,224,1.5
868,233,4.5
869,2,4.5
870,234,3
872,159,4
873,235,3
885,236,4.5
889,237,4
890,238,4.5
892,239,5
898,210,3.5
900,240,4.5
902,241,4
903,66,4
910,190,5
916,9,4
926,65,4.5
929,104,4.5
930,22,2
932,242,4.5
933,243,4.5
935,244,3.5
936,245,4
941,246,4
947,247,4
949,159,5
952,248,5
955,249,5
959,122,3
963,250,5
964,251,3.5
969,252,4
970,253,2
972,188,4
982,254,3
984,255,4
986,256,4
987,257,5
989,191,3.5
990,258,3.5
1001,259,3.5
1003,191,3.5
1007,260,4
1008,261,5
1011,262,3
1013,263,4
1015,58,4
1019,264,4
1022,265,3
1023,212,4.5
1024,266,2.5
1026,267,3
1028,268,4
1030,269,4
1031,16,5
1035,224,5
1039,270,4
1044,271,5
1046,272,4
1048,200,4.5
1049,259,3
1050,273,5
1051,274,3.5
1057,275,5
1058,47,5
1059,276,3
1061,277,3.5
1068,278,4
1071,279,4
1073,280,4
1081,281,2.5
1084,282,4
1085,283,5
1087,284,5
1095,275,4
1099,285,3
1102,211,4
1107,286,4
1108,287,3.5
1110,288,4
1111,289,4
1112,104,4
1115,290,3
1116,154,5
1119,291,4
1131,292,4
1133,293,4
1135,9,5
1136,294,4
1139,295,3.5
1140,296,5
1141,188,3.5
1143,297,5
1144,298,5
1148,299,5
1159,300,5
1163,301,4
1165,302,3
1166,303,3.5
1167,304,5
1170,9,4
1174,126,4
1178,305,3
1179,306,5
1182,307,4.5
1185,308,3.5
1190,309,5
1191,252,3
1195,310,3.5
1197,311,3.5
1198,242,5
1200,91,3.5
1206,312,4.5
1210,313,4
1216,314,5
1220,315,4
1222,277,4.5
1223,293,3
1227,51,4.5
1232,316,4
1233,317,4
1242,318,3
1244,319,4
1246,254,5
1247,320,1
1252,271,5
1254,321,4.5
1258,103,5
1261,322,4
1267,86,5
1268,323,4
1270,324,5
1279,158,3.5
1280,325,4
1281,54,3
1282,326,4
1289,327,3.5
1290,328,5
1296,329,5
1302,330,4
1305,331,3
1307,332,3
1309,333,4
1311,334,4.5
1312,301,4
1315,335,5
1317,336,4
1321,337,4
1322,338,4.5
1323,255,4
1324,339,4.5
1325,340,4
1326,341,3
1327,342,5
1329,343,4
1338,344,4
1339,345,3
1341,346,2
1348,114,4
1350,190,4
1357,189,4
1359,347,3
1364,126,3.5
1367,348,4
1368,349,5
1371,319,4
1374,350,1.5
1376,351,5
1377,3,1.5
1379,352,3
1380,353,4
1382,188,5
1385,354,4.5
1387,355,3
1392,356,5
1400,267,4
1403,357,3
1406,358,4.5
1407,202,3
1411,359,4
1412,360,3
1415,361,3
1419,345,4
1420,362,4
1421,363,3
1423,364,3
1426,222,4
1432,365,5
1433,333,3
1435,366,4
1436,304,3
1437,367,5
1438,368,5
1444,369,4
1446,370,3
1447,166,4.5
1449,371,4
1453,372,3.5
1455,373,4
1456,54,5
1457,374,4
1458,375,3.5
1459,376,2
1460,377,4
1464,378,5
1465,252,3
1468,379,4
1471,380,4
1472,381,5
1475,382,3.5
1478,383,4
1480,117,3
1481,384,3.5
1488,385,5
1494,386,4
1496,387,4
1497,388,4
1504,389,4
1505,390,4
1507,172,4
1509,321,4
1514,391,5
1515,392,4
1516,393,3
1518,394,3.5
1519,395,4
1523,395,4
1525,391,4
1526,396,3.5
1528,397,4.5
1530,378,4
1532,398,5
1534,399,5
1537,278,5
1539,387,4.5
1547,400,3
1550,401,2.5
1554,402,3.5
1555,403,4
1556,404,5
1557,405,3
1559,406,3.5
1560,237,4
1562,407,5
1566,380,4
1567,408,5
1568,409,3
1570,158,5
1573,410,5
1574,411,4
1577,76,4
1579,412,4
1584,131,5
1588,413,4.5
1600,242,3
1601,414,3.5
1602,415,4.5
1603,416,5
1604,417,3
1606,222,4.5
1607,392,2
1608,418,5
1609,419,4
1610,420,4.5
1616,421,1.5
1617,422,3
1619,293,3.5
1620,371,4
1621,100,5
1623,420,4
1625,423,4
1626,304,3
1627,424,4.5
1628,425,4
1630,332,3
1635,426,3
1636,427,5
1641,287,4.5
1643,428,2
1644,429,3.5
1645,430,5
1646,431,3
1650,432,4
1655,433,3
1662,434,1
1665,435,4
1668,275,4
1670,192,3
1672,333,3.5
1676,109,5
1677,436,3.5
1678,437,3
1686,438,3.5
1688,439,4
1689,440,5
1694,441,5
1695,403,3
1698,442,4
1703,385,2.5
1704,443,2.5
1706,346,3
1715,444,4
1716,445,3
1719,323,3
1721,446,3
1726,447,3.5
1727,332,4
1728,448,4
1729,416,4
1730,43,4
1732,449,5
1734,450,3.5
1736,451,4
1741,390,4
1743,452,4
1744,453,5
1745,454,3
1747,431,3
1748,455,4
1749,220,5
1750,456,4
1755,457,4
1757,458,3.5
1758,459,4.5
1759,460,5
1761,461,4
1763,462,4
1764,21,4
1767,126,5
1768,463,5
1771,464,3
1774,465,3.5
1775,466,3
1777,467,5
1779,466,4
1780,468,3
1781,469,3
1784,407,4
1786,426,4.5
1789,127,5
1790,147,3
1791,470,4
1800,471,3
1803,371,4.5
1808,100,3
1809,387,5
1810,472,3.5
1811,473,4
1812,474,4
1813,475,4.5
1819,390,3.5
1820,476,4
1825,477,4.5
1828,232,3
1829,478,5
1831,287,4
1835,479,5
1836,480,5
1837,295,4
1840,481,4.5
1844,482,2.5
1847,483,5
1849,285,4.5
1851,380,3
1854,484,3.5
1864,485,4
1866,486,3
1868,147,5
1869,487,5
1876,488,5
1880,489,5
1881,192,5
1885,319,4
1886,490,4
1887,491,4
1890,492,3.5
1891,321,4
1896,493,3
1897,494,5
1902,495,4
1904,496,3
1906,497,4.5
1913,498,5
1917,499,3
1918,500,5
1925,501,5
1930,502,4
1931,503,5
1935,434,4
1941,504,5
1942,505,4
1945,301,5
1952,506,5
1953,507,5
1954,508,3.5
1955,509,5
1960,510,4
1963,511,4
1964,512,5
1966,513,4.5
1969,514,5
1972,515,4
1974,516,3
1975,517,4
1980,512,4
1982,518,5
1984,519,4
1990,520,3
1993,521,3
1997,517,4.5
2000,522,4
2004,509,1.5
2010,523,4.5
2015,524,4
2017,525,3
2019,526,3.5
2024,232,3.5
2025,371,4
2026,527,4.5
2027,189,5
2029,528,3
2031,529,5
2034,530,3
2035,531,5
2036,532,5
2037,259,5
2038,533,4.5
2045,534,3
2047,255,4.5
2048,535,3
2051,536,4
2056,277,0.5
2058,182,5
2062,537,4.5
2065,325,5
2067,531,4
2068,538,4
2071,539,3.5
2072,540,3
2075,521,3
2076,541,4
2081,542,4.5
2083,503,3
2084,543,0.5
2085,356,4.5
2088,544,4
2089,411,5
2090,357,3
2096,76,4
2099,545,4
2100,546,3.5
2101,189,3
2104,340,4.5
2106,547,5
2107,548,3
2109,549,5
2111,550,5
2115,551,3
2117,552,5
2118,553,5
2119,502,4
2120,554,3
2126,555,3
2128,556,3.5
2131,557,4
2138,558,3.5
2140,559,4
2143,560,5
2147,561,4
2149,472,4
2150,54,3.5
2151,562,3.5
2152,563,4
2153,564,4
2156,565,5
2161,566,4
2163,567,4
2164,568,3
2168,569,3.5
2171,570,3
2172,571,5
2174,411,2
2176,545,3.5
2184,572,3.5
2188,573,5
2191,574,5
2193,575,1.5
2197,510,4.5
2200,576,5
2202,510,0.5
2206,577,5
2214,578,4
2215,579,4
2217,580,4
2226,459,4
2227,158,4
2232,581,3
2236,582,2
2239,583,5
2242,584,4
2243,585,5
2244,586,4
2245,587,2
2246,588,4
2250,589,4.5
2252,486,2.5
2253,424,4
2254,590,4
2257,591,5
2259,592,5
2260,349,3.5
2261,593,3
2263,594,5
2265,595,2.5
2269,596,2.5
2270,597,4
2273,598,4
2274,599,3.5
2278,600,5
2281,601,1
2284,438,5
2286,340,4
2288,602,3
2290,603,5
2291,604,3
2294,445,5
2295,605,4
2297,606,5
2299,66,3
2301,51,5
2302,607,4.5
2303,560,5
2307,405,4
2311,608,4
2312,535,5
2314,609,4
2320,610,3
2321,611,2
2323,612,5
2324,252,3
2330,613,4.5
2331,416,3
2332,351,5
2333,564,4
2338,232,3.5
2339,130,3
2341,614,3
2349,377,5
2350,386,4
2352,474,4.5
2357,356,4
2359,571,3
2361,615,1
2362,426,0.5
2365,322,2.5
2367,616,4.5
2368,617,4
2370,618,4
2371,425,4
2374,619,4
2377,540,5
2378,526,5
2380,468,5
2382,620,3
2384,621,4
2386,622,4
2392,623,4
2394,624,3.5
2395,625,4
2397,459,4
2398,626,3
2402,378,4.5
2405,627,4
2407,628,5
2408,629,5
2409,630,4
2410,631,2.5
2412,632,5
2413,633,5
2419,634,4
2422,635,3
2423,9,5
2427,636,5
2428,637,4.5
2430,638,5
2433,639,4
2435,640,4
2436,641,3
2437,642,4
2438,531,4
2441,643,5
2445,639,5
2447,644,4
2451,645,3
2464,615,3.5
2473,607,5
2476,646,4
2482,647,5
2483,648,3
2484,649,3.5
2485,650,3
2486,651,4
2487,652,2
2488,653,3
2492,593,5
2493,654,5
2494,655,4
2496,656,2.5
2497,657,4
2502,658,4
2503,71,4
2505,659,4
2506,628,3
2511,660,1.5
2512,661,5
2513,662,4
2514,646,4
2515,663,2
2517,383,3
2518,664,3
2520,665,5
2523,666,3.5
2529,667,4.5
2532,668,4
2536,669,5
2542,670,5
2544,671,4
2546,672,3.5
2549,673,4
2550,674,2
2554,645,5
2555,629,4
2556,650,5
2558,158,4.5
2561,675,4.5
2564,676,4
2565,677,4
2568,678,2
2569,679,4
2570,680,5
2574,681,5
2575,216,4
2579,339,3
2582,682,5
2583,188,3
2584,683,4
2585,439,5
2595,684,4
2597,685,4
2599,131,5
2601,686,4
2602,687,4
2605,688,3.5
2607,689,3
2616,690,4
2618,558,4
2622,691,4
2629,621,5
2631,692,4
2633,681,5
2636,693,4
2640,694,4
2641,695,4
2643,696,4
2649,697,5
2652,698,4
2653,699,5
2654,567,3.5
2656,700,4
2657,487,4.5
2658,701,5
2660,317,2
2661,702,4
2663,508,3.5
2669,703,3
2670,704,4.5
2675,705,5
2676,583,3
2678,706,5
2680,707,3
2681,323,4
2682,453,3
2684,708,5
2686,709,5
2691,499,3
2692,710,5
2694,561,5
2695,251,4
2696,678,3.5
2697,711,4
2698,712,4
2700,713,5
2702,714,4.5
2704,396,3
2712,715,4
2713,716,4
2715,717,5
2718,684,4.5
2720,400,5
2724,718,5
2725,719,2.5
2728,720,4.5
2732,596,3
2733,182,3
2734,721,4
2735,722,3
2737,394,4
2742,723,3
2743,724,5
2745,725,3
2746,726,3
2748,727,4
2749,728,3.5
2751,729,4.5
2752,730,3
2753,445,3
2755,506,5
2756,453,4
2757,59,4
2758,182,4
2759,731,4.5
2762,732,5
2766,733,4.5
2771,734,4.5
2772,735,3.5
2773,736,3
2777,737,5
2780,285,4
2782,415,3.5
2784,738,4
2787,122,5
2800,261,5
2802,739,5
2805,582,4.5
2807,244,4
2809,540,4.5
2811,740,4
2812,741,4
2813,742,3.5
2818,130,4
2826,743,3
2832,744,5
2833,535,4
2834,745,3.5
2836,746,4
2837,747,4.5
2839,748,4
2841,749,5
2848,750,5
2851,751,4
2855,35,5
2861,752,4
2863,753,3
2865,754,4.5
2866,615,4
2868,85,3
2869,736,3
2871,755,4
2874,477,4
2875,756,5
2882,271,4
2885,757,5
2886,471,3
2891,758,3
2893,759,4.5
2894,760,4
2895,27,4.5
2897,761,4
2898,762,4.5
2899,763,5
2900,764,5
2902,765,5
2903,219,4.5
2909,343,3
2912,766,5
2914,767,3.5
2915,768,3.5
2916,432,4
2925,621,5
2928,769,2.5
2930,770,4
2934,771,3.5
2937,772,4
2942,494,4
2944,773,5
2946,774,4
2947,695,4
2948,775,3.5
2950,776,4
2959,777,3.5
2966,778,4.5
2967,779,4
2972,780,3
2979,781,4
2982,782,5
2984,783,4.5
2988,784,3
2990,785,4
2995,786,3
3000,787,4.5
3001,576,3
3002,788,4
3003,789,5
3010,790,4
3013,791,4
3017,792,5
3020,366,4
3024,397,2
3029,793,3.5
3031,794,3
3032,717,3
3033,795,3.5
3035,796,3
3037,542,4
3041,303,4
3042,797,5
3045,798,3
3047,799,5
3048,277,4
3051,800,4
3052,801,1
3053,426,3
3054,802,3
3057,756,4
3058,803,5
3065,804,5
3070,489,4
3073,623,5
3074,805,4
3076,806,3.5
3081,807,4
3086,808,5
3088,809,3.5
3089,810,5
3092,811,4
3093,812,3
3094,813,4.5
3098,814,3
3101,815,5
3105,816,3
3126,817,4
3127,818,1.5
3134,819,5
3135,405,5
3145,349,4
3146,820,5
3147,821,4
3148,822,5
3152,251,3
3154,823,4.5
3166,740,4
3170,824,4.5
3171,825,4.5
3172,826,5
3173,827,3
3178,828,4
3179,829,4
3182,216,4
3184,507,4
3186,830,4
3189,827,5
3192,831,5
3194,182,5
3195,278,3
3196,545,3.5
3197,832,5
3203,833,2
3204,834,5
3208,835,4
3212,836,4
3213,837,4
3217,838,5
3218,839,4
3219,840,3.5
3222,841,4
3223,272,3
3225,842,4
3227,843,5
3228,844,5
3231,845,5
3235,846,2
3236,521,4
3241,847,5
3245,730,4
3246,662,4
3248,848,4
3254,849,3.5
3255,850,4.5
3257,851,3.5
3263,852,4
3264,853,4
3265,854,4
3268,855,4
3269,678,3.5
3272,856,5
3273,50,5
3275,857,5
3277,337,1
3279,858,4
3284,859,5
3288,860,4
3289,861,5
3293,862,3.5
3294,536,4
3295,863,4
3296,864,5
3300,865,1
3301,866,5
3305,499,5
3311,867,3
3313,216,4
3316,868,5
3317,869,5
3318,870,4.5
3320,871,5
3321,872,2
3323,667,5
3325,861,4
3328,873,4
3331,530,4
3333,874,4
3338,875,5
3343,876,5
3350,877,2
3352,878,4
3353,879,4
3356,880,4
3360,881,4
3364,882,5
3368,432,4
3370,646,3
3371,883,4
3376,884,5
3380,885,4
3381,886,3
3382,887,5
3383,888,4
3384,889,3.5
3385,890,2.5
3389,891,3.5
3391,890,3.5
3392,438,4
3393,892,4
3397,893,3.5
3398,894,4
3402,895,4
3404,896,4
3407,897,5
3408,898,5
3412,899,5
3415,900,4
3417,901,3.5
3426,902,3
3427,903,3
3428,582,5
3429,904,4.5
3430,905,5
3433,650,5
3434,906,3
3436,907,4
3439,847,3
3440,859,5
3442,802,3
3443,434,3.5
3445,908,4
3448,909,4.5
3450,910,1
3452,386,3.5
3457,715,3.5
3459,680,4
3461,911,3
3462,508,4
3467,912,5
3469,913,5
3471,914,3
3474,915,2.5
3479,916,4.5
3486,917,4.5
3487,706,4.5
3488,918,4.5
3489,919,3
3490,544,3.5
3492,785,3.5
3495,271,3
3496,920,3.5
3497,921,3
3499,922,5
3503,396,4
3505,923,5
3508,494,3
3512,924,5
3513,506,5
3514,418,4.5
3515,925,5
3516,926,2
3517,927,3
3524,928,5
3528,465,4
3530,929,5
3532,930,2
3534,931,5
3537,525,5
3538,932,2
3540,933,3
3549,934,3.5
3554,606,5
3557,935,5
3563,936,5
3565,212,3
3567,937,4
3569,938,3.5
3572,939,3.5
3576,940,4
3578,941,4.5
3579,942,5
3580,943,3
3586,944,5
3588,774,3.5
3592,489,3.5
3593,945,3
3595,946,5
3596,788,1
3597,884,3
3600,695,3
3603,947,3
3606,948,4.5
3607,468,3
3608,949,3.5
3617,950,3.5
3618,951,4
3623,843,5
3624,952,3
3625,953,4
3628,954,5
3629,955,4.5
3630,956,3
3632,607,4
3633,957,5
3636,572,3
3639,605,4
3646,958,4
3650,788,3
3651,959,4.5
3653,960,5
3654,768,5
3659,648,5
3660,961,1.5
3664,936,5
3665,367,4.5
3667,626,4
3671,939,4.5
3672,962,3
3673,963,3
3676,964,4.5
3678,965,3
3684,377,5
3687,889,5
3697,742,4
3700,668,4
3701,966,3
3704,967,5
3705,968,4
3706,190,4
3709,969,5
3711,970,2
3713,924,4
3715,971,4
3726,972,5
3727,973,4
3731,974,4.5
3735,451,4
3740,776,4.5
3743,975,5
3746,976,5
3748,977,4
3751,978,3
3752,979,4.5
3755,980,3
3756,981,4
3761,982,4.5
3763,983,4
3764,984,2
3765,985,4
3773,986,4
3774,987,4
3776,988,2
3778,989,4
3779,850,4
3780,572,3
3788,990,3.5
3790,991,4
3791,992,4
3792,993,5
3804,994,3.5
3805,456,5
3818,799,4
3821,995,4
3826,622,5
3827,996,4
3833,997,4
3842,948,5
3848,998,3.5
3850,756,2
3851,444,5
3858,999,4
3864,1000,4.5
3870,1001,3
3871,1002,4
3872,1003,3
3874,1004,2
3876,1005,4
3883,1006,3
3886,670,5
3890,1007,3
3894,1008,4.5
3895,705,3.5
3899,1009,5
3901,730,4.5
3903,704,3
3907,857,4
3912,1010,5
3917,1011,4
3920,742,4
3921,1012,3
3922,1013,4
3924,1014,3.5
3925,1015,4
3926,1016,3
3927,1017,5
3928,1018,4.5
3939,1019,4
3941,1020,4
3944,695,4.5
3948,1021,4.5
3951,1022,4
3956,1023,4
3958,1024,5
3959,853,3
3963,1025,4.5
3965,1026,3.5
3968,1027,4
3970,1028,4
3971,704,4
3973,1029,3
3980,1026,3
3981,1030,5
3986,1031,4.5
3990,1032,2.5
3991,1033,5
3993,1034,3
3995,1035,4
3998,49,5
3999,1036,4
4000,1037,5
4004,1006,3
4005,1038,4
4014,1039,4
4016,1040,3.5
4018,1041,4
4022,742,3.5
4023,317,3
4025,1042,5
4029,1043,3.5
4034,862,3.5
4038,628,4
4041,1007,5
4043,1044,4
4045,451,4.5
4047,1045,3
4048,1046,5
4051,351,4.5
4053,1047,5
4055,1048,4.5
4056,1049,5
4057,1050,3.5
4059,927,4
4061,1051,3
4065,1052,3.5
4067,713,4
4075,1053,5
4078,277,4
4080,811,5
4081,868,5
4083,1054,5
4084,1055,3
4089,1056,4.5
4090,943,4
4097,278,4
4101,1057,4
4114,51,4
4118,1058,3.5
4123,1059,3
4129,1060,3.5
4132,1061,4.5
4133,1062,5
4135,1063,5
4137,1064,3.5
4143,1065,5
4145,1066,4
4149,1067,3
4150,1068,5
4151,1069,4
4154,881,5
4157,798,2.5
4159,1070,5
4160,418,4
4161,1071,4.5
4162,1072,4
4166,1073,3
4168,963,5
4169,1074,4
4170,1075,3.5
4172,589,4
4173,1076,4
4175,1077,4
4176,1078,4
4180,1079,4
4181,1080,5
4183,1081,4
4184,1082,3
4186,1083,4.5
4187,567,5
4189,1084,4
4191,768,2
4192,978,4
4193,1085,4
4194,1086,4
4199,1087,2.5
4200,1088,4
4204,667,2.5
4215,1089,5
4217,729,1
4220,1090,4
4222,1062,5
4224,1091,4.5
4226,1092,4
4229,860,3
4231,596,4
4233,1093,3
4234,1094,5
4235,1095,4
4243,1096,3
4244,813,4
4252,1097,5
4253,1098,3.5
4254,1099,3.5
4256,1100,4
4261,601,3.5
4268,1101,3
4272,1102,4.5
4275,295,5
4278,1103,4
4279,1104,4.5
4281,1105,3
4282,1106,3
4283,714,3
4284,1082,4
4285,1037,4
4287,1088,4
4293,1107,4
4295,1108,5
4301,1109,4
4302,1110,3.5
4304,593,3
4305,1111,4.5
4306,792,5
4308,1112,4
4309,791,3.5
4311,1042,5
4313,1113,5
4314,1037,3
4316,337,4
4319,1114,4
4322,1115,3
4326,1116,5
4327,1117,4
4328,1118,5
4329,139,4
4331,1119,5
4332,1060,4.5
4338,1120,5
4340,1121,3.5
4341,1122,3
4342,848,4
4343,1123,4.5
4344,1124,3
4347,1001,3.5
4350,1125,4
4353,546,5
4357,1126,4.5
4358,1127,5
4360,279,3.5
4365,1128,4
4366,1129,4
4369,1130,5
4374,856,4
4376,1131,3
4378,505,5
4381,1132,5
4383,1133,3
4385,1134,4
4388,1098,5
4389,1135,4
4390,1136,5
4391,1137,3
4392,1138,3.5
4394,1139,5
4399,1140,3.5
4401,1141,3
4402,1142,3
4403,792,2
4405,1143,5
4406,836,5
4410,1144,3
4411,1145,4
4413,1146,3
4419,715,4
4420,1147,4
4421,1148,4.5
4422,1149,5
4423,1150,4
4427,1151,2
4428,902,3.5
4431,1152,3
4434,868,4
4436,1153,2
4437,1047,4
4442,1154,5
4446,322,3
4450,1155,3
4455,1156,3
4456,1157,5
4459,1135,5
4461,1158,3.5
4465,1159,5
4466,622,4
4476,930,5
4481,1160,3
4483,1161,4
4484,1162,4
4488,1163,2.5
4489,906,4
4492,1164,3.5
4496,1082,3
4500,1165,4
4505,1166,5
4506,1167,5
4507,1168,4
4518,1120,4
4529,1169,4
4531,1170,4
4534,1171,4
4537,1172,5
4544,1173,4
4545,1174,5
4549,1175,4
4551,1176,3
4555,1050,5
4557,1177,3.5
4558,1178,4
4562,1179,4.5
4565,1180,5
4568,1181,5
4575,1182,4
4579,1183,4
4580,1184,5
4581,1185,3.5
4587,524,4
4594,1186,5
4595,1187,4
4597,1188,4
4598,1189,4
4600,1190,3.5
4609,1095,3
4611,853,5
4612,1191,3
4613,1192,4
4618,810,4
4622,1193,4
4627,863,5
4628,1194,3.5
4629,1195,3.5
4630,1196,3
4634,1197,3
4635,1198,3
4636,904,5
4643,616,4
4648,616,4
4649,1199,5
4651,1200,4
4655,1201,3.5
4656,552,3.5
4657,1202,2.5
4660,1203,3
4664,1204,3
4666,1205,5
4673,1206,5
4677,857,4
4678,1207,5
4682,1208,4
4685,1209,5
4686,1210,4
4688,1211,5
4695,1212,4
4696,1213,5
4697,804,3
4698,1214,5
4699,1215,4
4700,1216,4
4702,1217,3
4704,1218,4
4713,1219,4
4715,1157,3
4718,1220,3
4721,1221,2
4722,1222,5
4725,1223,2
4726,1224,4
4727,1225,3
4728,1226,2
4729,1227,3
4733,1228,3.5
4734,1229,2.5
4735,888,4
4736,805,5
4742,1230,3.5
4744,1231,4
4746,1232,4
4748,1233,4
4754,1234,4
4758,1235,4
4759,1062,4.5
4760,1236,4
4763,1237,4
4765,1238,3
4769,444,3
4771,964,5
4772,1239,5
4775,747,4.5
4776,1240,3
4779,1241,4.5
4781,1007,3.5
4783,1242,4
4784,1243,4
4785,668,3
4789,1244,4
4798,1245,3
4801,1246,3.5
4802,1247,3.5
4803,271,4
4804,1248,4
4809,1249,4
4811,1250,5
4812,835,4
4814,1251,3
4815,1252,3
4823,1253,5
4824,1128,4
4825,397,3
4829,1254,4
4831,1255,3.5
4832,1256,4
4833,1257,3
4837,944,2
4838,1258,4
4843,26,3.5
4844,1259,3.5
4846,1260,5
4851,1261,3.5
4854,1262,4
4855,813,3
4856,1263,5
4857,643,4
4860,1264,3
4863,1265,4
4864,848,4
4868,1266,4
4869,756,0.5
4871,1147,4
4874,1267,5
4877,1268,4
4879,1269,2.5
4884,1041,4
4889,1270,4
4892,1271,5
4893,1272,3
4894,1273,5
4896,1274,3
4901,1217,3
4902,1275,4
4903,1064,4
4906,1276,4.5
4907,1277,3
4909,1178,2.5
4914,1278,2
4916,1279,4
4917,1280,4
4924,1281,3.5
4925,1282,4
4927,1283,3
4930,1284,3
4937,1003,4.5
4941,1285,4
4943,1286,5
4951,768,4
4954,1287,4
4959,1288,4.5
4963,1289,4
4965,394,4
4967,1290,4
4968,1291,3
4970,697,5
4974,1292,3.5
4975,1293,4
4978,1294,2.5
4979,1251,4
4980,1295,3.5
4985,1296,4
4986,1297,5
4989,1298,5
4994,2,2.5
4996,880,1.5
4999,1299,2
5000,609,5
5002,856,4
5005,1300,4
5006,1301,4
5007,1261,5
5010,1281,4
5011,1302,3
5014,1303,5
5015,530,4
5016,1304,4
5018,1257,5
5021,1305,2
5026,697,5
5031,1306,4.5
5032,1307,4
5033,1308,4
5034,1309,4.5
5035,1310,5
5038,1311,4
5041,1312,3
5043,1313,5
5046,889,4
5048,1314,4
5049,1315,5
5057,1316,4.5
5060,1317,4
5061,1318,4
5066,1319,4
5071,1320,5
5072,1321,4.5
5074,1322,3
5076,1323,3.5
5077,1262,5
5078,1324,3
5080,1325,4.5
5081,1118,4
5082,1326,4
5084,1327,4
5090,1328,5
5091,1329,3
5092,1330,5
5095,1331,3.5
5101,49,4.5
5102,680,4.5
5104,1332,5
5107,1333,3.5
5110,1334,3
5120,1335,3
5128,1256,5
5130,1336,3
5135,1337,5
5137,1338,3
5138,1184,4.5
5140,1339,4
5149,639,3
5155,1340,3.5
5156,1341,3
5159,1342,4
5162,1343,4
5163,1344,5
5166,1345,4
5172,1346,4
5173,1347,3
5174,1171,4
5176,1119,5
5178,1348,3.5
5187,1349,5
5189,1350,3
5192,1179,5
5194,1351,5
5195,826,4
5196,1352,4
5198,1276,4.5
5200,1124,5
5204,1307,4
5209,518,3
5210,1178,4
5214,1342,3.5
5216,1132,3
5217,848,3
5219,1353,4
5224,1304,5
5225,1354,5
5226,987,4
5230,1096,3.5
5231,1355,4
5234,1061,5
5242,1356,4
5243,1357,4
5246,1358,3
5256,1359,0.5
5257,1279,3
5262,1360,3.5
5264,1361,4.5
5265,826,2.5
5270,1362,4
5271,1094,3
5272,456,3.5
5273,1363,4.5
5274,1364,4
5276,1365,5
5282,1366,3
5284,400,4
5286,1367,5
5290,1368,4
5291,477,3
5296,1369,4
5300,1370,4.5
5303,1371,3.5
5304,1372,4
5307,625,3
5309,691,5
5312,1373,5
5313,1374,5
5314,730,2
5316,1375,3
5319,1376,5
5320,1377,3
5322,1378,3
5324,508,5
5329,1379,4
5331,976,5
5333,1118,4.5
5337,1380,3.5
5338,1157,5
5343,1135,4
5347,1381,1
5348,653,3
5349,1382,5
5350,1383,4
5352,520,2.5
5357,1309,4
5359,1182,4
5360,1221,5
5363,1384,3
5366,1113,4
5367,804,3
5372,1385,4
5375,1386,4
5376,1387,4.5
5379,1388,3
5381,1389,5
5382,1390,4
5384,1283,5
5385,1391,4
5393,1392,4
5397,1393,4
5403,1394,4.5
5404,1119,5
5406,1395,3.5
5407,917,4
5411,1396,3
5412,1397,5
5415,1398,4
5416,1399,5
5425,1400,4
5428,1223,5
5430,1034,5
5436,921,5
5437,1400,4
5439,1401,5
5441,1402,4
5442,1403,5
5443,1404,4
5444,1405,0.5
5446,322,4
5448,1223,4
5449,747,4
5453,1406,4
5456,948,4
5457,47,5
5462,811,4
5465,1407,4
5466,1408,3.5
5467,1409,5
5468,1227,5
5471,1160,4
5475,1410,4
5482,1361,4
5483,1347,5
5485,139,4
5487,1411,5
5489,1412,4
5493,1413,3.5
5494,1414,5
5495,1415,3
5496,1334,3
5501,1416,4.5
5503,1417,3.5
5504,1418,3
5506,1419,5
5507,1420,4
5509,1421,3.5
5513,1422,5
5514,1423,4
5516,809,4
5518,1424,5
5520,1425,5
5523,1426,4.5
5525,1287,3
5529,1427,4
5532,1428,4
5534,1429,5
5536,1041,4
5537,1430,3
5538,1431,3
5539,1432,2.5
5543,1433,4
5544,1434,5
5546,1435,4.5
5553,1308,4.5
5557,1436,4
5561,1437,5
5568,1438,5
5574,678,5
5575,1439,5
5576,1440,4
5579,1441,5
5580,1442,4
5589,1443,4
5591,1444,4
5593,14,4.5
5596,1380,5
5597,1148,4
5598,1096,5
5599,1399,3
5600,811,3
5601,925,4
5602,1445,3
5604,1446,4
5606,1447,4
5607,634,4
5609,1448,4
5611,880,4.5
5613,1449,4
5617,884,3
5619,613,3
5621,530,2
5622,1450,3.5
5623,1136,4
5625,1194,1
5628,1451,4
5630,1452,5
5633,1453,5
5634,1093,5
5635,1454,5
5636,1455,5
5640,1456,5
5646,1457,3
5650,1458,5
5652,1459,2.5
5653,1023,4
5656,1460,5
5658,1461,3
5660,1462,4
5664,1463,3.5
5673,1156,5
5674,1464,4
5675,1253,3.5
5678,1009,5
5682,1465,2
5684,1262,4.5
5695,644,4
5697,1216,3.5
5698,1466,5
5702,805,3
5703,1467,4.5
5706,319,4.5
5711,1468,3
5712,730,5
5715,1469,5
5717,1470,3
5718,1128,4
5719,1211,5
5720,848,4
5722,1280,5
5723,1471,5
5725,1472,5
5726,1359,4
5730,1473,5
5731,1474,4.5
5733,1255,4
5734,1475,3
5735,766,4
5736,1476,3
5749,1477,5
5755,1478,5
5763,1479,4
5766,1480,3
5768,1481,4
5773,942,3
5777,1482,3
5778,1483,4
5784,1484,4
5791,1484,4
5792,1484,2.5
5803,1484,5
5814,1484,4
5816,1484,4.5
5822,1485,5
5823,1486,4
5824,1487,5
5825,1488,3
5830,1489,2.5
5831,1490,4
5832,1350,2
5837,1491,3
5838,1492,5
5839,1493,2
5843,1494,5
5844,1495,4
5848,1496,3.5
5849,1207,4
5853,424,3
5854,1497,3
5865,1498,3.5
5876,1499,5
5877,1500,3
5878,1355,4.5
5879,1136,4
5881,1501,5
5884,1502,3
5886,545,2.5
5887,1503,3
5889,1504,4.5
5896,1505,5
5898,1506,4.5
5900,1507,2.5
5901,1508,5
5912,1509,4
5917,1510,4
5921,1416,4
5924,1511,4
5925,745,4
5929,1512,4
5942,1513,3
5946,1514,3.5
5952,1515,4
5953,1381,4
5954,1466,3.5
5960,1151,3.5
5963,970,2
5967,729,4
5969,922,4
5977,1440,3
5982,1516,3
5986,1517,4
5987,1112,4
5989,1518,4
5991,1519,3
5993,1299,5
5995,1520,3.5
6002,880,4
6003,1521,4
6004,644,3
6009,1522,4
6016,1523,4
6017,1409,4
6020,1524,3
6021,1525,5
6025,1526,4
6026,1527,4
6027,1528,3
6028,1529,5
6029,1530,5
6031,1531,4
6034,88,4
6038,348,3
6039,1532,4.5
6040,1533,1
6043,1534,5
6046,1276,4
6047,1535,5
6048,1536,5
6050,1389,3
6053,1537,3
6057,1538,3
6059,1338,4
6061,1539,4
6062,1540,3
6063,1541,4
6066,664,1
6067,1542,4.5
6068,1543,5
6072,1544,4
6073,1406,4
6074,1545,4.5
6075,1546,3
6078,1156,4
6082,1108,3
6083,1077,5
6085,1547,4
6092,1548,5
6095,1549,5
6099,1550,4
6100,1551,5
6102,1526,2.5
6103,976,4
6105,1552,4
6108,827,4
6109,1553,4.5
6111,668,4
6112,1554,5
6113,1555,4
6114,1556,4
6115,1061,4
6127,1280,3
6128,1557,5
6132,1508,4
6133,1558,3
6141,1416,3.5
6144,1559,4
6146,1311,2.5
6147,1560,4
6151,1561,5
6152,1562,3
6154,1563,4
6157,1564,2
6160,1253,3
6162,1565,4
6164,1566,4
6167,1248,5
6170,370,5
6171,1567,5
6175,1421,2
6176,1568,4
6183,1569,4
6186,1570,4
6188,1571,3
6194,1572,4.5
6198,1497,3
6199,1573,4
6207,1050,5
6208,1574,4
6221,940,5
6226,1575,4
6228,1576,5
6232,1577,3.5
6233,1578,4.5
6236,1393,3.5
6237,1579,5
6238,1580,4
6239,1581,5
6244,1582,3.5
6245,1583,3.5
6247,1584,5
6254,1585,4
6255,1586,2.5
6257,1587,4
6266,1588,4
6276,1589,3
6282,1373,4
6284,1590,4
6286,1201,5
6288,1591,5
6293,211,4
6296,1592,3
6297,1593,3
6298,1594,4.5
6299,1595,4
6302,1596,3.5
6304,1597,5
6309,1598,5
6310,1598,4.5
6314,1599,5
6320,1600,4
6322,1601,5
6324,1602,4.5
6326,1603,5
6328,1604,3.5
6331,1605,3
6332,1606,4
6333,1079,4
6342,1607,4
6344,1608,5
6348,706,4
6349,1609,4
6356,1610,3
6357,1611,3
6358,1612,5
6359,1286,3
6360,1613,4
6364,1614,4
6366,1615,3
6367,1347,4
6369,139,3.5
6371,1616,4
6373,1617,2.5
6377,1618,3.5
6379,957,4.5
6381,1619,4
6385,1620,2.5
6387,1621,3
6388,1622,5
6390,1623,4
6405,1624,4
6407,1625,2.5
6410,1472,3
6413,924,3
6414,1552,3
6415,1264,3
6417,1626,4
6418,1627,4.5
6426,1628,5
6431,1629,4
6433,1630,4
6436,524,4
6444,1631,3.5
6447,1632,3.5
6448,1633,5
6449,925,3
6450,1634,4
6451,1363,3
6452,1522,3.5
6454,1635,3
6459,1636,5
6460,1040,5
6464,1175,4
6465,1637,5
6466,285,4
6469,1638,4.5
6471,1403,3.5
6472,1639,5
6476,1640,4
6482,1641,4
6487,1642,5
6491,1643,1.5
6494,1644,2
6497,1645,5
6499,1646,5
6501,1647,4
6503,1648,4
6510,1649,5
6511,370,3
6514,1650,1
6521,1651,5
6522,1652,3
6527,1653,4
6530,1288,4.5
6532,1654,4
6533,1416,5
6534,1655,4
6536,1656,4
6540,847,4
6543,445,3.5
6552,1657,4.5
6553,1658,3.5
6559,1050,3
6561,736,1
6566,1659,4
6567,1406,3
6569,1660,2.5
6570,1661,5
6571,1662,4.5
6575,1663,3.5
6576,1664,5
6578,1665,4
6579,1666,4
6593,828,4
6595,1667,3
6599,1668,3.5
6601,1248,5
6603,1669,2
6604,1670,5
6606,1671,4
6607,1672,4
6608,1673,5
6616,1674,4.5
6621,1675,4
6623,1502,3
6627,1676,4
6628,1617,4
6629,1677,4
6630,69,5
6632,1678,2.5
6634,1679,4
6635,1680,3
6636,1681,4
6639,1344,4
6640,745,5
6643,1682,4
6645,1683,3
6647,1684,4
6649,1685,4
6651,1686,5
6652,1001,4.5
6656,1342,5
6660,1687,4
6663,1688,4
6667,1689,3
6671,1690,4
6676,1691,5
6678,1692,4
6689,1693,4.5
6696,1694,5
6711,1695,5
6714,1256,2
6715,1696,3.5
6716,1398,5
6718,1288,4
6719,1697,4
6721,1698,2
6722,1699,3.5
6726,1700,5
6729,1701,3
6731,491,3.5
6734,1406,0.5
6735,134,4
6736,1702,4
6737,1703,3
6739,1704,4
6741,1705,4
6743,1706,4
6744,1707,5
6745,1570,4
6749,1168,3
6753,1311,4.5
6764,1708,5
6773,1709,3
6775,1710,4
6778,1292,4
6781,1201,4
6784,1711,5
6785,1545,4
6787,1712,3
6788,1713,4
6791,1660,4
6792,1714,5
6793,1474,5
6796,1182,4.5
6800,1479,3
6801,1715,4
6802,1716,4
6804,1397,5
6806,1717,3.5
6811,1598,3
6813,1718,5
6814,1545,4.5
6815,1719,5
6819,1720,4
6823,1721,5
6824,1722,4
6826,1723,5
6827,1724,3
6828,1725,5
6832,1704,5
6837,1726,5
6838,1292,4
6841,1727,4.5
6842,1728,1.5
6843,1179,3
6845,1729,3
6847,1304,4
6853,1730,4
6859,1731,5
6860,1401,4
6861,1732,4
6871,1733,4
6873,1042,4
6874,1125,5
6875,1702,5
6878,1734,5
6880,1735,4
6881,1736,2
6883,1518,4
6888,1737,4.5
6889,1738,5
6891,1739,4.5
6895,1740,4
6897,1741,3
6898,881,4
6899,1742,4
6904,1743,4
6905,1591,3
6912,938,3
6916,1744,4
6918,1745,5
6921,1386,5
6922,1746,2
6937,1747,3.5
6938,1685,4
6940,1748,5
6944,1749,5
6945,1750,4
6951,1751,5
6952,766,3
6955,485,4
6958,1752,4
6959,1753,4
6961,1754,4
6964,1755,5
6966,1756,5
6972,1757,4
6974,1295,4
6976,1758,4.5
6978,1759,3
6983,1760,4
6988,1703,1.5
6995,1761,4
6996,1748,3
6997,1762,2
6999,1763,4
7000,1338,4
7007,1764,5
7010,1727,3
7012,1765,5
7017,1632,4
7019,1237,5
7025,1766,4
7029,924,4
7032,1767,4
7034,1768,3
7037,1769,4.5
7038,1770,3.5
7046,1771,4
7047,1772,4
7049,1773,5
7051,1774,5
7054,1775,5
7055,1776,4
7058,1777,3
7059,1778,4
7060,1779,3.5
7061,1589,4.5
7065,1780,4
7067,1781,4
7073,1782,5
7075,1783,4
7081,1784,5
7083,1785,4
7088,1786,5
7094,1787,5
7097,1788,5
7104,1789,5
7107,1468,4
7110,1790,4
7116,1632,4
7117,1526,4
7119,1791,5
7120,987,4.5
1,1792,3.5
5,1236,3
13,1793,3
29,1794,3
34,1623,3
54,1795,3
88,1796,1
91,1797,3.5
116,1798,2
119,1799,4
120,1800,1
124,1563,2
127,836,3
128,1801,3
129,1802,3
131,1803,1
132,1804,3
137,1804,3
142,1695,4
152,1155,3
156,1805,5
158,1806,3
164,1807,3
165,1808,3
170,1809,3
184,1810,3
220,1515,3
232,622,3.5
235,1811,3
238,1342,3
249,1812,5
251,1813,4
255,1393,5
259,1814,5
271,1815,2.5
278,1816,3.5
294,1817,4.5
295,1467,3
296,1818,5
298,1819,3
309,1820,4
315,1821,4
326,1822,3
330,1823,3
332,1624,2
343,1628,3
347,1824,2
367,1825,2
369,1184,4
370,1826,4
377,985,5
388,1827,1.5
389,1828,3
395,1829,4
401,1830,4
409,1831,4
421,1832,2.5
425,20,3
427,1833,0.5
435,1685,3
440,1834,3.5
444,1569,3
452,1835,4
453,1836,5
457,1194,3
461,1501,3
462,1837,3.5
463,1554,3
465,1838,5
466,1839,4
469,1840,3.5
473,1841,3
479,1842,3
482,1843,3.5
485,1844,2.5
489,1845,3
492,1111,3
493,1492,3
509,1846,5
518,1847,4
520,1848,4
536,1849,3
546,1690,3
548,1850,3
554,279,3
572,1851,3.5
574,1852,4
578,1291,1.5
579,1853,4
586,1854,3
587,1522,2
588,1334,3.5
593,1855,5
604,1515,4
610,1856,2
611,1424,5
630,938,4.5
635,1857,4
637,1858,3.5
642,1859,3
648,1860,2
649,1419,1.5
670,1324,2
673,1861,4
679,1525,4
683,1862,4
684,1683,4
686,1863,2
688,1864,3
689,595,2.5
694,1585,1.5
698,293,5
703,1865,2
706,1866,5
721,1866,3
722,1867,4
724,1868,3.5
725,1869,5
729,1231,1.5
733,1870,5
737,1523,3
738,1871,4
739,1445,2.5
741,1311,3
743,1546,3
749,1872,3
750,487,3
760,1873,3
766,1207,4
768,1874,3
775,1875,2
777,1876,2.5
782,1877,4
786,1834,2.5
789,1238,3.5
791,1757,4
809,1878,0.5
812,1879,1
827,1880,4
829,1881,3.5
831,1492,3
840,1778,3
847,1882,3
869,1005,3.5
872,586,4
890,1883,5
893,1884,3
903,937,4
910,1885,4
916,1886,3.5
925,1156,3
932,1493,4
939,1887,4
955,1888,3
956,1889,3
960,1890,3
964,1891,3.5
970,1892,2
980,1893,4
982,1646,2
984,1894,3
986,1895,4
987,1896,4
989,1897,3.5
995,826,0.5
1001,1327,2.5
1007,639,3
1015,1898,3
1049,1554,3
1057,1899,3
1058,1900,3
1068,1901,4
1073,1102,1.5
1085,1902,4
1093,1903,4
1098,963,5
1112,1904,3
1114,1674,4
1116,1905,4
1135,1906,3
1136,1565,5
1155,1907,4
1159,1908,4
1165,1909,2.5
1175,1910,1.5
1181,1911,4
1185,1912,3.5
1200,1913,3
1207,1914,3
1209,1475,3.5
1212,1133,3
1222,1915,4
1241,1916,4
1244,1661,3.5
1250,1066,4
1252,1145,4
1254,1917,2
1255,1918,2.5
1265,1919,5
1270,1920,5
1280,1921,3
1284,1226,4
1288,1650,3.5
1290,1922,3
1294,95,4
1298,697,4
1302,1923,3
1310,1475,3.5
1311,1924,4
1313,669,4
1317,1717,4
1322,1837,2.5
1326,1925,4
1338,1926,3
1339,1927,3
1341,1928,3.5
1350,1929,2
1359,1930,3
1367,1397,3
1372,1522,3
1374,1735,0.5
1376,1931,5
1387,1932,3
1407,1766,3
1411,1933,3.5
1417,747,4
1423,1934,3
1426,1733,3.5
1441,1935,3
1450,1936,4
1453,1937,3
1455,1938,3.5
1458,1939,3
1494,1940,3
1507,1941,3
1512,1942,4
1514,1754,3
1515,1778,3
1516,1943,2
1518,1944,4
1525,1945,2.5
1537,1946,5
1544,913,3
1546,1624,4
1547,1947,3
1548,1948,4
1555,1949,3
1560,1950,3
1568,1486,3
1579,1951,4
1600,1654,2
1602,1952,4
1608,936,5
1616,1953,0.5
1619,1954,1
1620,1955,3
1629,1956,3.5
1635,1957,3
1638,1958,3
1643,1959,1
1644,1960,4
1645,1721,4
1649,1961,3
1652,1962,4
1653,1963,3
1662,1964,2
1672,1777,2
1685,1965,4
1689,1966,3
1707,1967,3
1715,1968,1
1726,1969,3
1728,1970,4
1741,1971,4
1743,71,3
1748,1507,3
1751,1972,2.5
1758,1973,3.5
1763,1974,4
1764,1975,4
1775,1976,3.5
1777,806,5
1780,1977,3
1789,1978,3
1806,1828,4.5
1808,980,3
1810,1979,3
1813,1980,1.5
1825,1981,3
1831,1982,5
1835,1983,4
1844,1984,4
1845,1735,3
1847,1979,3
1849,1985,3
1854,1986,4
1855,1987,3
1864,1988,3
1869,1989,4
1876,1990,2.5
1887,1991,2.5
1892,1992,2.5
1904,1993,3
1906,1994,3
1912,1438,2
1918,1574,3
1927,1896,3
1930,1995,4.5
1931,1996,4
1942,1997,2
1959,1998,2
1967,1898,1
1969,1999,3
1984,622,3.5
2001,2000,3.5
2004,2001,3.5
2010,2002,4
2013,2003,2.5
2019,2004,2.5
2024,2005,3.5
2034,2006,1
2038,2007,3.5
2047,2008,1.5
2051,2009,3
2076,2010,4
2080,2011,3
2081,2012,0.5
2084,2013,0.5
2089,2014,4
2098,2015,3
2099,2016,4
2107,2017,3.5
2117,1773,2
2136,2018,4
2138,2019,3.5
2145,2020,4
2147,2021,3.5
2150,2022,3
2153,2023,4
2155,2024,5
2158,848,3.5
2161,1630,4
2164,2025,4
2171,613,3
2184,2026,2
2188,2027,4
2191,2028,4
2193,1096,2
2200,2029,4
2212,1255,4
2217,1951,3.5
2222,1686,3
2229,1421,3
2232,2030,3
2233,2031,3
2246,2032,3.5
2256,1525,3
2257,2033,2
2259,2034,4
2261,2035,3.5
2272,2036,4
2281,496,1
2285,1721,1
2296,2037,4
2306,1815,4
2320,2038,3
2323,2039,3
2332,2040,4
2333,2041,4
2343,2042,4
2344,2043,3.5
2349,2044,3
2360,1567,3
2361,2045,2.5
2367,2046,2.5
2368,2047,2
2371,2048,3
2378,2049,2
2386,2050,4
2387,2051,3
2392,1472,3.5
2394,1325,2
2396,2052,4
2397,2053,4
2399,2054,3
2402,2055,4
2410,2056,3.5
2413,2057,4
2419,1872,5
2424,2058,5
2428,2059,5
2444,2060,2.5
2467,2061,3.5
2477,1718,4
2484,2062,3
2487,1386,2
2502,2063,2.5
2512,2064,4
2515,2065,2
2516,2066,5
2523,2067,3.5
2529,2068,3.5
2544,2069,3.5
2549,2070,3
2558,2071,3
2565,2072,4
2568,2073,3.5
2570,2074,4
2575,2075,4
2576,850,3
2580,2076,4
2583,1624,5
2585,2077,3
2598,2078,3
2599,2079,5
2611,1547,2
2614,2080,4
2616,1858,5
2638,2081,3
2643,2082,3
2646,2083,3
2650,2084,3.5
2653,2085,3
2657,2086,4
2661,694,4
2663,2087,3
2669,2088,3.5
2671,1704,3
2672,1911,4
2675,2089,4
2676,1940,2
2678,2090,3
2682,2091,5
2692,1633,4
2694,1072,5
2705,2092,3
2706,2093,4
2711,706,2
2712,1936,4.5
2713,1748,5
2718,2094,4.5
2735,1777,3
2740,2095,4
2753,1572,3
2755,2034,3
2757,2035,4
2758,2096,4
2772,2097,3.5
2779,2098,3
2780,2099,2.5
2787,2100,5
2807,2101,4
2810,2102,3.5
2811,2103,3
2812,1626,5
2816,1790,4
2826,362,3.5
2837,2104,2.5
2839,2105,5
2841,2106,3
2842,337,3
2851,2107,3
2868,2108,3
2875,1569,5
2892,2109,5
2894,2110,3
2897,2111,4
2902,2112,3
2903,2113,3.5
2914,95,0.5
2925,1355,3
2930,2114,4
2936,225,4
2942,225,4
2943,2115,5
2948,1299,1
2959,2116,4
2970,2117,2
2972,2118,4
2979,2119,4
2985,2120,5
2988,346,2.5
2992,2121,2
2999,979,3
3020,2122,4
3024,2123,3
3033,1612,2.5
3047,1923,5
3053,2124,4
3054,1694,3
3056,2125,2
3057,2126,3
3058,1151,5
3065,2127,5
3069,2128,3
3072,2129,2
3073,1855,3
3086,2130,5
3094,2131,3.5
3101,2132,3
3106,2133,3.5
3109,2134,3
3111,2135,3
3165,2136,2
3166,2137,3.5
3169,2035,3
3170,1959,3.5
3171,2138,3.5
3178,2139,3
3179,2140,3
3184,2141,2.5
3186,2142,4.5
3192,1501,5
3195,2143,3
3196,2052,2.5
3197,18,3
3199,2144,3
3202,2145,5
3208,2146,3.5
3218,2147,2
3227,1855,4
3234,1181,4
3236,794,4
3251,2148,2.5
3259,2149,2
3260,1569,4.5
3262,1941,5
3263,2150,4
3264,1674,3
3268,1420,3.5
3269,2151,2
3272,2152,3
3274,1477,5
3275,2153,2
3277,2154,3
3284,1982,3
3291,2155,3
3293,2156,2.5
3295,2157,2.5
3296,1890,3.5
3309,2085,5
3311,1892,2
3316,2158,3
3318,2159,3
3329,2160,3
3338,1571,3
3348,2161,1.5
3352,1151,3
3353,2162,3
3356,1424,3
3360,2163,3
3364,2164,3.5
3371,377,3
3384,1034,3.5
3389,2165,5
3397,2166,2
3405,1338,4
3408,1689,4
3424,2167,2.5
3443,2168,3
3450,2169,2.5
3457,1405,4
3461,2170,3
3483,2171,3
3487,1497,3
3490,2172,2
3491,1384,4
3497,2173,3
3499,2174,2
3504,1638,3
3505,2175,4
3513,2176,3
3514,2177,2.5
3516,2178,2.5
3517,2179,3
3530,2180,3
3534,2181,4
3540,2182,3
3544,2183,3
3550,2184,4
3551,2106,4
3552,1524,4
3565,2185,3
3572,2186,3.5
3576,2187,2.5
3585,558,3
3586,2188,5
3589,2189,3
3592,1860,2
3596,1556,3
3600,1887,3
3604,2190,5
3609,2191,3
3629,1354,3.5
3633,2192,4
3639,2193,3.5
3641,2194,3
3642,2195,5
3646,1632,3
3660,2196,4
3661,2197,4.5
3663,2198,3
3664,1106,4.5
3670,1818,4
3676,2199,3
3680,2200,5
3685,2201,4
3697,2036,2.5
3703,2202,2.5
3710,2203,5
3711,2204,3.5
3722,2205,3
3726,2206,3
3728,2207,4.5
3733,2208,3
3737,2209,4
3738,1616,4
3743,2210,4
3746,1815,2
3748,2211,3.5
3751,1580,4
3758,2212,3.5
3761,2213,4
3780,2214,2
3792,2215,3
3794,2216,4
3796,2217,4
3797,2218,2
3805,2219,2
3819,2220,1
3847,1385,3
3848,2221,2
3851,2222,4
3858,2223,1.5
3862,1565,3
3864,2224,2.5
3871,2117,4
3872,2225,4
3890,2226,2
3900,1566,4
3903,2227,4
3907,1632,2.5
3916,2228,1
3920,2229,4
3927,2176,3
3934,1888,2
3935,2230,5
3938,1257,4
3948,2231,1
3961,1204,2
3971,1603,4
3973,1808,3.5
3978,2232,4
3983,1399,4
3985,2233,4
3986,1124,4
3988,2234,4
3990,2235,2.5
4000,2236,3.5
4020,2237,1
4022,2238,4
4030,2239,1
4032,2240,3.5
4034,533,3.5
4042,2241,4
4044,2242,5
4054,2243,4
4055,2244,4
4059,2245,3
4063,2246,3
4066,2247,3
4072,2248,4
4083,1241,2.5
4084,1285,4
4089,2249,3
4114,2250,4
4115,2251,4
4120,2252,3
4125,2253,3
4128,2232,4
4129,2254,2.5
4133,2255,5
4138,2206,4
4141,1720,3
4142,2256,3
4172,1291,3
4173,2257,1.5
4183,1605,4
4184,2258,1
4191,2259,0.5
4203,2260,3
4212,2261,3
4217,2028,2
4220,2218,2.5
4226,1922,3
4229,2262,3
4234,1423,3.5
4244,2263,2.5
4256,2264,3
4272,1936,4
4283,2265,3
4292,2266,3.5
4295,1835,2
4308,2258,3
4309,2267,3.5
4311,2268,3
4323,2269,3
4324,2270,4
4329,2271,2
4332,2272,4
4333,2109,5
4357,2273,2
4358,2036,3
4365,2274,4
4370,1682,3
4374,2275,3
4385,2276,4
4389,2277,3
4391,1145,2.5
4392,2278,4
4394,1695,5
4401,2279,3
4410,1398,2
4418,2280,5
4420,2281,4
4421,2063,3.5
4423,2282,4
4432,1814,5
4436,2283,3
4442,2284,3
4447,573,3
4450,2285,3
4451,2286,3
4457,1172,5
4475,1245,3
4480,2287,5
4481,1147,5
4489,2288,3
4492,2261,3.5
4494,2289,3
4498,2290,3.5
4507,2291,3
4514,2292,3
4516,1994,3
4517,1923,5
4519,2293,3.5
4520,2294,3
4525,2295,4.5
4528,938,4
4529,2296,2.5
4531,2297,3
4532,2279,4
4533,2298,4
4534,2299,2
4538,2300,4
4542,2301,3.5
4544,2302,4
4548,2303,3
4549,1545,4
4562,2304,2
4563,1634,1.5
4565,2305,4
4569,2306,4
4574,2307,4
4575,2308,4
4577,2309,3.5
4581,1832,2.5
4583,2310,3
4586,2311,3
4587,2312,2.5
4592,2313,5
4594,480,3
4598,1555,3
4600,2314,3.5
4604,1394,1
4605,2315,2
4606,2316,3
4607,2317,3
4622,2318,3
4629,586,2.5
4634,2319,3
4640,2320,4
4641,2321,3
4642,2111,5
4649,2322,3
4655,1633,2
4670,2323,3
4677,2324,3.5
4678,2325,3
4696,1569,3
4698,2326,3
4700,1338,4
4702,1153,4
4721,2327,2
4722,1856,3
4729,1822,3
4731,2328,3
4734,1168,3.5
4736,2329,3
4748,2330,3
4759,2331,3
4760,2227,3
4763,2332,1.5
4765,2333,2
4767,2334,3
4769,2335,2.5
4771,2336,3
4772,1834,3
4775,2337,4
4777,1168,5
4779,533,3
4781,2338,3.5
4786,2325,3.5
4801,2339,3.5
4804,1695,4
4821,980,3
4848,2340,2
4855,2341,3.5
4856,2342,5
4860,2343,3
4865,2344,5
4866,2345,3
4869,2135,0.5
4879,988,3
4892,1242,3
4896,2346,1
4916,2347,4
4917,2348,3
4923,2349,4.5
4924,2350,2
4937,2351,4
4943,2352,3
4959,1521,3.5
4962,2353,4
4963,2354,3
4965,1823,3
4967,1890,3
4968,2355,3
4976,2236,3
4989,2356,4
4996,2357,3
4998,2358,5
5005,2359,4
5012,2325,3
5034,2360,2.5
5046,2361,2
5049,2362,0.5
5057,2363,3.5
5063,1160,3
5065,1746,1
5066,2364,4.5
5068,1931,3
5071,2365,5
5072,2220,4
5074,2366,4
5080,2366,3
5084,2367,1
5092,1007,3
5094,2368,3
5102,1338,3
5114,2369,3
5116,1832,3
5120,2040,5
5128,2370,3
5130,2053,3
5137,2132,2
5145,2371,5
5155,2372,3
5157,2016,3.5
5179,2373,4
5189,2374,3
5192,2375,4
5225,2376,4
5242,1391,2.5
5247,2377,3.5
5272,430,3
5282,2034,3
5289,1646,4
5290,2378,3.5
5291,2379,3.5
5293,1134,4
5303,2380,3.5
5332,2006,4
5337,2381,2.5
5347,2382,0.5
5350,1761,1.5
5352,2383,2
5360,2384,2
5374,2063,4
5376,2385,4
5379,1501,5
5382,1453,2
5388,1554,3
5403,348,3.5
5410,2386,3
5415,2387,3
5416,2388,4
5418,1619,4
5420,2389,4
5439,2312,3
5443,2390,3.5
5446,1023,2
5451,1204,4
5458,2159,4
5462,2391,3
5467,1982,3
5468,1423,4
5481,2054,5
5483,2392,3
5487,1760,3
5488,2393,3
5503,2394,3.5
5504,2395,4
5506,2396,2
5507,2397,1.5
5509,1857,3
5515,2398,3.5
5518,2399,2
5529,2304,3.5
5534,1729,2
5539,1494,2
5543,2400,3
5544,2401,3.5
5546,971,5
5561,1254,3
5573,2402,4
5576,2403,2
5580,2404,2.5
5588,2405,4
5591,2406,5
5592,2407,3
5596,2408,2
5601,2409,3
5603,889,3
5604,2410,3
5613,2411,4
5621,2412,4
5622,2413,4.5
5623,2414,2.5
5630,2415,3
5663,1161,1
5691,2416,0.5
5699,1685,5
5700,2104,1
5703,2417,4
5706,1628,3
5711,2418,3
5724,2113,5
5729,2419,5
5732,1748,4
5735,2420,2
5741,2421,2.5
5742,1342,3
5749,2422,2.5
5752,1387,4
5762,2423,4
5763,2424,4
5768,2425,2.5
5784,2426,4
5787,1551,3
5791,2427,4
5803,2428,5
5814,1603,3
5818,2429,3
5820,2430,3
5825,1774,2.5
5827,2431,2
5831,2432,5
5837,2433,4
5838,2434,4
5839,2435,4
5849,1255,4
5865,2436,3
5881,1734,1
5888,2437,2
5892,2438,3
5897,2439,5
5899,2440,3
5900,2441,2
5921,1736,3
5922,2442,3.5
5942,2443,1.5
5954,949,3
5960,1221,3.5
5967,2444,3
5968,2445,2
5982,1773,3
5995,2446,3.5
6000,2127,2.5
6002,2447,4
6007,2357,2
6009,2448,2
6012,1553,2
6013,2449,2
6017,2450,3
6020,2451,3
6021,2452,3
6031,2453,3
6034,2454,3
6037,2455,4
6047,2456,4
6050,1984,1
6056,2457,3.5
6057,1762,3
6059,2458,3.5
6064,1236,3
6067,558,4
6068,1079,4
6077,2459,4
6078,2460,5
6082,2461,3
6086,1133,3
6087,2462,3
6092,2463,3.5
6103,2464,4
6110,2465,4
6111,2466,3.5
6112,2467,4
6135,2468,3
6142,2458,1
6151,2469,4
6152,2470,3
6159,2471,4
6167,2472,3
6175,2473,3
6177,2474,3
6188,1952,3
6191,2203,4
6200,2475,3
6203,2476,4
6206,2477,4
6207,762,3
6224,2478,4
6228,2479,4
6232,2480,3.5
6233,2481,4
6236,2482,3.5
6237,2483,3
6241,2484,3
6247,2485,2.5
6254,2486,3
6255,2487,1.5
6266,2488,4
6268,2489,4
6276,2490,3
6298,2491,3.5
6304,2492,5
6318,2493,2.5
6324,1516,4
6326,2494,3
6331,1605,2
6351,2495,2
6366,1656,4
6368,2496,3
6369,2497,2.5
6371,2488,4
6373,2498,2.5
6379,1279,3
6387,2499,2.5
6388,2152,2
6389,2500,4
6401,2501,3
6405,2431,3.5
6407,2502,2.5
6417,2135,4
6418,2503,2
6419,496,3
6431,1515,4.5
6447,2152,2
6449,1995,3.5
6451,2504,4
6460,1546,5
6462,1922,4
6486,2505,5
6511,2506,2
6515,1675,3
6530,2507,4
6533,2508,3
6535,2509,4
6550,2510,4
6571,2511,3
6572,2512,3.5
6576,2131,4
6578,1761,3.5
6586,1931,4
6597,2513,1.5
6604,2514,4
6605,2515,2
6608,2289,3
6611,2516,3
6614,2517,2
6618,2518,5
6627,2519,4
6628,1521,3
6630,2520,2
6634,2521,3.5
6638,1285,4
6643,2522,3
6651,2523,3
6652,2524,4
6676,2235,4
6711,2525,3
6715,1619,2
6719,2526,4
6720,1790,3.5
6722,2527,2
6726,2528,4
6727,2106,0.5
6728,2529,4
6732,274,4
6743,134,3
6744,2530,5
6752,2531,3
6795,2532,2.5
6800,1461,3
6813,2533,4
6819,1286,3
6836,2534,5
6839,1767,2
6843,2535,3.5
6861,2054,3
6878,2536,4
6881,2537,2
6885,2538,5
6889,2431,4
6892,2539,5
6899,2086,3.5
6904,2540,4
6905,2541,3.5
6921,2542,2
6924,2543,4
6929,2544,4
6932,2545,2
6934,2546,3
6943,2547,2
6959,2065,5
6964,2548,3
6965,2549,3
6976,2475,2
6978,2550,3
6983,2551,5
6995,2552,3.5
7016,420,3.5
7021,2553,3
7046,2554,3.5
7047,1986,4
7051,2555,4
7058,2556,3
7077,2557,3.5
7083,2529,3
7100,1912,3.5
7102,2558,1
7108,2559,2
7110,2560,4
7120,2561,4
2,2562,4
6,2563,3
7,2564,3
8,2565,5
12,2566,3
19,2567,4
38,2568,3
75,2569,3
80,2570,3
91,2571,3
96,2572,4
112,2540,2.5
114,2573,3
116,2574,2
117,2575,5
126,2576,4
143,2577,3
156,2578,2
158,2579,2
184,2039,4
188,394,1
251,1650,5
271,2357,3.5
293,2580,3
298,2581,3
303,2393,3
309,2247,3
367,2499,3
374,2355,3
377,2582,4
396,2583,1
397,1796,4
401,2584,3
409,2585,2.5
424,2586,2.5
427,2587,3.5
435,2588,3
439,2589,4
465,1428,5
467,2590,3
471,2591,4
483,2390,4
486,1589,4
487,2592,3
492,2593,4
501,2594,3
509,2283,3
511,2595,1.5
516,2596,4
572,2597,3.5
579,2598,3
586,2599,2
593,2600,5
601,2601,5
614,2602,3
627,2395,3
632,2603,2
640,1294,5
648,2604,3
673,2605,1
675,2606,3
678,2607,3
688,2467,3
741,2608,3
744,2609,2.5
750,1266,3
760,2610,3
761,2611,2
772,1161,0.5
775,2357,3.5
777,2612,3.5
781,2613,3
812,2614,4
814,524,5
817,1630,3
818,681,3
839,2615,3
840,2224,3
847,1716,3
849,2616,3
850,1442,2
860,2617,4
869,2472,3.5
872,2618,3.5
886,2619,4
903,2415,2
910,2620,3.5
925,1916,3
939,2621,3
952,2622,4
961,2147,3
965,1566,1
972,2623,2
982,2624,2
983,2625,3
984,2626,4
986,2627,3
999,1753,3
1011,2628,3
1019,2629,5
1043,2630,3
1064,2631,3
1068,2632,4
1095,2633,4
1098,1316,5
1099,2634,3
1115,2635,1
1122,2636,2.5
1131,2637,4
1160,2638,4
1170,2639,3
1180,2640,3
1185,1622,3.5
1200,2641,2
1227,2642,3
1230,2643,3
1247,2644,5
1260,2032,4
1281,1447,3
1283,2645,3
1284,2030,3.5
1323,1774,4
1329,2646,3
1348,2647,5
1365,2648,3
1376,2649,4
1378,2650,2
1411,2651,2.5
1415,2652,3
1418,2653,3
1429,2654,3
1438,2655,3
1444,2656,5
1464,2657,4
1474,2658,4
1494,2659,3
1505,2660,5
1507,2661,2.5
1509,2662,3
1512,2663,3
1516,1617,1
1523,2664,2
1541,2665,3.5
1548,1211,3
1552,2666,3
1603,2667,3
1607,2668,3
1615,2669,3
1625,1308,2
1632,1160,3
1638,2670,3
1644,1344,2.5
1653,2671,3
1670,2672,4
1672,2673,3.5
1678,2568,2
1685,2674,3
1686,2675,3.5
1718,2676,4
1729,2677,2
1748,1327,3
1759,2678,3
1769,2679,0.5
1779,2680,2
1793,2681,3
1800,2682,4
1807,2683,4
1812,2684,3
1831,2434,3
1844,1281,2
1849,683,2.5
1854,2685,3.5
1876,2686,2
1880,2687,4
1889,2688,3
1891,2689,5
1905,1215,2
1931,2690,4
1939,2691,4
1955,2692,4
1984,2693,4
1988,2341,2.5
1993,2694,3
2002,561,4
2003,1296,3
2006,634,3
2038,2410,3.5
2064,2695,3
2090,2696,3
2098,2697,4
2099,2698,4.5
2115,2699,3
2117,2094,1
2118,1637,4
2119,2700,4
2136,2701,4
2140,2702,4
2152,1972,4
2155,2703,3
2161,2704,4
2162,2590,5
2174,4,4
2191,1656,4
2226,1835,3
2258,2705,2
2261,2706,2.5
2267,2707,4.5
2272,1204,4
2274,2095,4
2281,1827,1
2286,2708,4
2288,2456,2
2302,2709,4
2304,2710,3
2316,2711,3
2322,836,2.5
2331,2712,3
2349,2713,4
2350,2714,3
2361,2715,3.5
2374,2716,3
2378,2717,5
2397,1728,4
2422,2718,3
2433,2719,2
2443,2720,5
2444,2721,2.5
2484,2722,3.5
2486,2723,2
2532,2724,2
2539,2036,3
2558,2725,3
2568,2726,3
2582,2727,5
2627,2728,2
2633,370,3
2641,2729,5
2646,2730,3
2656,2206,2
2669,2731,3
2677,2732,2.5
2686,2733,5
2690,2215,3
2701,2734,3
2712,1041,3.5
2717,1463,2
2718,2735,3
2732,2135,2
2740,2016,3
2762,415,1
2770,230,3
2773,2736,3
2776,1226,5
2796,2496,3.5
2811,2216,3
2839,2737,3
2861,2488,3
2862,2738,4
2869,2739,4
2875,2740,4
2886,2741,4
2901,2742,4
2902,2743,3.5
2903,1857,4
2912,1305,3
2915,1125,2
2925,2744,2.5
2939,2745,3
2940,2746,4
2967,2693,3
2995,2747,2
3024,2748,3.5
3025,2749,2
3042,2750,3
3043,2560,4
3045,2751,3
3052,794,1
3057,2752,3
3086,2753,1
3097,2754,2.5
3098,2755,3
3105,1362,3
3109,2756,3
3118,2271,2.5
3134,1324,4
3135,2486,3
3172,2757,3
3179,2758,3
3192,2759,5
3194,2760,4
3199,2761,3
3202,2411,3
3213,1019,3
3218,2762,3
3231,2763,4
3236,2674,1
3259,2764,4
3260,2765,4
3264,2766,4
3273,2767,3
3284,2768,3
3289,1622,3
3291,2769,4
3293,2770,2.5
3315,2771,4
3318,2490,3
3323,2145,5
3325,2047,4
3338,2772,3
3354,1599,5
3356,615,3
3376,2773,3
3391,2289,2
3430,2774,4
3445,1942,4
3450,2775,2.5
3459,2776,2
3460,2777,3
3462,2778,3
3466,2355,2
3469,2331,1
3471,2665,2
3487,2312,3
3490,1439,3.5
3510,2779,3
3513,2780,4
3516,2781,0.5
3530,2782,3.5
3533,2783,2.5
3538,2543,2
3539,2784,3
3540,2785,3
3544,2786,4
3547,2787,3
3553,2322,0.5
3554,2788,2
3558,928,5
3569,2789,2
3576,2790,1.5
3593,2791,3
3600,2792,4
3607,2793,3
3608,2794,2.5
3609,1982,2
3618,2757,4
3625,2795,2.5
3664,1813,3
3666,2796,5
3670,2797,4
3673,2798,2
3678,2799,3
3680,2800,5
3701,2801,3
3727,2802,3
3737,2222,4
3743,2540,3
3745,2803,4
3753,2804,4
3761,2805,3.5
3790,2806,4
3799,2807,3
3852,2808,4
3869,2809,5
3883,2810,2
3886,2621,3
3887,2811,2
3904,2399,3
3920,2812,4
3926,2813,5
3935,2814,5
3939,1912,5
3942,2815,3.5
3943,2816,3
3944,2781,4
3951,2817,4
3959,2818,3
3980,924,4
3981,2819,3
3994,2820,2.5
4014,2821,2
4023,2822,4
4041,2823,1
4043,2824,4
4047,2825,3
4067,2826,2
4083,2827,3.5
4090,2749,3
4107,314,5
4123,2828,3
4133,2829,5
4135,1226,2
4140,2830,3
4143,2831,4
4154,2832,3
4162,2027,3
4166,2720,5
4173,2833,3.5
4192,2834,2
4194,2835,3
4201,2836,2
4217,2837,3.5
4222,2838,3.5
4229,2839,3
4258,2840,4
4275,980,3
4283,2841,4
4285,2842,4
4293,2843,3
4304,2844,5
4308,1471,4
4311,2845,3
4319,1309,2
4332,1442,3.5
4341,2032,3
4358,2117,1
4381,2846,3
4385,1540,3
4389,2558,3
4392,2847,3.5
4406,1804,3
4418,2848,4
4424,2849,2
4425,2850,1
4428,2131,3
4432,2851,4
4451,2852,4
4452,2853,5
4455,2641,4
4456,2854,3
4457,2855,5
4462,2856,2
4485,2857,1
4496,2858,3
4500,2324,3
4506,622,3
4511,1714,3
4518,2859,5
4529,2782,2.5
4533,2782,5
4544,2022,4
4548,2860,5
4553,1266,3
4560,2861,2
4562,2862,3.5
4567,2863,4
4594,2864,3
4598,2865,3.5
4607,2866,3
4609,2867,3
4612,2868,2
4624,2869,2.5
4642,2870,3
4663,2410,2
4677,2871,2.5
4680,2872,3
4683,2873,3
4687,2874,3.5
4688,2875,3
4695,2876,2
4696,2623,2
4700,2877,3
4701,2878,3
4713,2879,3
4719,2880,4
4735,2881,5
4748,2882,4
4758,2883,3
4760,2294,3
4763,2884,0.5
4784,2756,4
4789,2885,4
4799,2886,4
4803,2887,3
4814,1980,2
4815,2484,3
4823,2271,3
4831,1211,3.5
4837,2888,3
4841,2889,5
4846,10,2
4856,2890,4
4863,1948,3
4864,2891,3
4874,2867,3
4892,2892,3
4914,2893,5
4922,2894,4
4940,2172,3
4943,2895,3
4946,2896,3
4963,431,3
4967,2897,2.5
4968,1471,3
4985,2898,4
4989,1094,3
5010,2731,3
5021,1616,2
5041,2899,3
5042,2872,3
5043,2900,3.5
5052,2901,4
5054,2902,3
5063,1754,3.5
5069,1837,3
5071,1189,5
5072,2903,4.5
5076,2582,2
5104,1911,3
5133,2904,3
5150,2424,4
5152,2905,4
5163,1565,2
5194,2906,4
5213,2907,1
5216,2908,3
5226,2424,4
5262,2909,4
5266,2910,3
5290,2911,3
5292,2912,4
5293,2913,3
5295,2914,3
5320,2382,3
5329,2915,3.5
5332,2809,3
5350,2916,3
5363,2917,3
5365,2918,1
5375,2919,5
5393,2562,4
5418,2920,2
5420,2921,3
5427,2922,3
5428,2923,2
5430,2451,5
5434,2924,3
5449,2925,5
5453,2926,3.5
5476,1445,5
5483,2927,3
5503,2928,3.5
5504,2929,3
5506,2930,3
5520,2931,3
5535,2932,4
5542,2287,3
5576,2933,2
5589,2934,3
5596,2935,3
5598,2936,4
5606,2937,2
5619,2938,2
5623,2939,2.5
5634,2940,3
5640,1478,5
5649,2941,3
5650,499,2
5651,2942,5
5656,113,4
5658,2943,3
5673,2944,5
5674,2945,3
5702,2782,4
5712,2222,1
5717,2946,3
5742,2947,3
5745,2948,3
5749,2891,2.5
5759,1818,1.5
5768,2616,2.5
5777,2949,3
5790,2950,5
5814,2951,3
5822,1599,4
5837,2952,4
5843,2953,3
5849,2750,4
5866,2954,1.5
5881,2955,4
5883,2956,3
5897,2957,5
5900,2958,1.5
5927,2959,2
5964,2960,2
5988,190,3
6025,2961,3
6038,1959,4
6043,2962,2
6059,2963,3
6061,2964,3
6095,2965,5
6113,2966,4
6137,2967,3.5
6142,2968,1
6152,2969,3
6154,2970,3
6166,2971,3
6167,2393,4
6169,1281,3
6175,1403,3
6183,2604,5
6186,2227,3
6188,2972,3
6221,2973,1
6222,2114,5
6232,2974,2
6237,2975,3
6278,2976,4
6281,1189,4
6304,1705,4
6331,1846,3
6367,2977,3
6369,2978,2.5
6380,2979,3
6387,2980,2.5
6391,2981,5
6395,2982,3
6414,2983,3
6415,2984,3
6417,2985,1
6444,2986,3
6447,2987,1.5
6449,2988,3.5
6460,2989,3
6462,2439,5
6466,2990,3
6467,2991,4
6476,2992,3
6480,2531,3
6497,2993,3
6501,2940,4
6503,2994,3
6521,823,5
6546,2995,3
6553,2996,2
6559,601,3
6567,2997,4
6574,2998,2.5
6605,2208,5
6628,2999,4
6629,3000,3
6636,3001,2.5
6663,3002,2
6664,3003,4
6677,2867,4
6678,1808,5
6722,3004,0.5
6727,3005,2
6735,2954,5
6739,3006,4
6743,2568,3
6744,3007,3
6784,3008,3
6792,3009,1
6802,3010,4
6803,3011,4
6805,3012,3
6812,2751,3
6818,3013,0.5
6819,3014,3
6821,3015,3
6827,2724,4
6859,3016,3
6871,1400,4
6873,1338,2
6878,2431,5
6895,3017,2
6922,3018,3
6923,3019,3
6935,3020,4
6952,3021,3
6957,3022,2.5
6964,3023,4
6997,3024,4
7015,1907,4
7017,3025,3
7019,3026,4
7020,3027,4
7034,3028,3
7043,2756,3
7051,2859,1.5
7058,3029,3
7067,3030,3
7081,3031,1
7117,965,4
41,3032,2
61,3033,3
156,3034,3
158,653,3
295,3035,3
309,3036,3
330,3037,3
331,3038,3
417,3039,4
465,3040,3
518,3041,5
601,3042,5
611,2220,4
812,1632,3
840,3043,2
903,3044,2
930,3045,2
982,1941,2
1045,3046,3
1095,2763,3
1178,3047,2
1267,1970,4
1301,2486,3
1350,3048,3
1440,3049,3
1466,965,3
1638,3050,5
1698,3051,1
1864,3052,3
1868,3053,3
1931,3054,5
1942,3055,2
2003,3056,3
2164,1566,2
2174,1545,5
2191,3057,3
2200,3058,3
2204,3059,3
2242,3060,3.5
2324,3061,2
2380,3062,3
2424,3063,5
2429,3064,4
2643,3065,2
2672,3029,2
2709,3066,4
2779,2000,4
2862,3067,3
2864,3068,3
2866,3069,3
3047,3070,1
3115,3071,5
3125,912,4
3197,1462,3
3207,3072,4
3338,3073,3
3360,3074,2
3414,2435,3
3428,3075,3
3513,2642,3
3528,3076,3
3651,3077,3
3673,3078,2
3680,3079,3
3708,2969,4
3827,2253,3
3927,2467,3
3934,3080,3
3948,3081,4
3965,2932,1
4059,3082,3
4081,3083,3
4090,3084,3
4114,3085,3
4133,3086,3
4142,3087,1
4226,2658,3
4285,3088,3
4324,2074,3
4432,3089,3
4434,3090,5
4507,3091,4
4539,3092,3
4548,1254,3
4551,3093,3
4661,3094,2
4696,2232,2
4725,85,3
4748,2545,3
4864,3095,3
4894,1118,5
4916,3096,3
4962,2451,4
5110,3097,3
5137,3098,1
5200,2113,5
5216,3099,3
5239,1261,3.5
5314,3100,2.5
5375,3101,3
5382,3102,3
5483,3103,2
5518,3104,3
5561,3105,3
5606,3106,3.5
5640,2584,5
5658,3107,2
5676,3108,0.5
5814,314,3
5831,1744,3
5837,1982,3
5838,3109,2
5849,3110,3
5881,3111,5
5882,3112,2
5897,3113,4
6024,2259,4
6136,2744,4
6166,922,2
6276,3114,1
6318,3030,4
6326,3115,4
6337,3116,3
6341,2548,3
6366,3117,1
6460,3118,3
6497,3119,3
6551,2148,4
6559,3120,3
6593,3121,2
6739,3122,1
6792,3123,1
6824,2818,4
6834,3124,4
6952,3125,3
6964,3126,1
7056,1485,1
7101,3127,3.5
12,1975,2
24,3128,2
30,2045,2.5
46,3129,3
54,3130,3
69,1720,3
117,3131,5
126,3132,4
127,3133,5
140,3134,3
156,3135,3
158,2641,3
159,3136,3
166,2777,1
175,3137,3
188,2483,1
206,2684,3.5
250,3138,3
251,3139,4
253,2152,3.5
292,3140,3
294,3141,2.5
295,3142,3
298,3143,3
324,3144,3
336,3145,3
350,2422,5
354,3146,2
367,2268,3
374,3147,4
377,3148,3
390,3079,5
397,1799,4
401,3149,5
421,3150,2.5
427,2861,2
430,3151,3
435,3152,3
453,2966,5
457,3153,1
465,489,5
471,3154,3
479,2834,3
483,1813,4
491,3155,3
506,3156,3
509,1317,5
524,2037,4
545,3157,3
547,1168,3
572,2484,3.5
578,3158,5
579,3159,2
581,3160,3
586,3161,3
591,486,5
593,2911,4
601,3162,5
612,3163,3
619,3164,3.5
624,392,3
627,930,4
640,3165,3
669,3166,3
679,2301,3
686,566,2
694,1716,2.5
697,3167,3.5
699,3168,2
725,654,3
737,3169,3.5
741,3170,4
743,3171,3
760,3172,4
761,3173,1
768,2828,2
775,2490,1
781,3174,3
782,3175,3
814,3176,4
817,2942,3
840,3177,3
848,3178,2
872,1757,3.5
874,3179,1.5
886,2787,3
900,2680,3
903,2526,3
910,2911,3.5
920,3180,2
939,2525,3
953,3181,4
954,3182,3
961,3183,2
972,3184,5
982,3185,2.5
983,3186,3
999,420,1
1011,1959,3
1015,3187,3.5
1043,3188,3
1058,779,3
1064,3189,4
1068,3190,4
1088,2968,3
1095,3191,2
1115,3192,1
1136,3193,4
1163,3194,3.5
1165,3089,3
1167,3195,3
1170,1907,3
1174,3196,3
1180,3197,3
1184,2340,4
1185,2853,3
1200,3198,2.5
1247,3199,5
1256,3200,4
1276,2978,1
1280,3201,4
1283,2329,3
1308,3202,3
1312,3008,3
1323,1662,3.5
1329,3203,3
1354,3204,1
1365,3205,3
1367,3206,4
1372,3207,4
1376,3208,5
1409,3209,2
1411,3181,2.5
1417,3210,3
1426,3199,3.5
1444,1200,4
1445,3211,4
1464,3212,3
1474,3213,5
1484,1292,3
1505,3214,3
1507,3215,1.5
1509,3216,3
1514,3217,3
1516,3218,2
1537,3219,5
1557,2617,3
1571,1612,2
1595,1208,4
1597,2828,4
1603,3220,4
1607,3221,4
1608,1856,3
1610,3222,4
1625,3223,3
1626,3224,2
1632,3225,3
1638,548,4
1649,3226,4
1662,3227,2.5
1665,3228,3.5
1666,2872,2
1670,3229,3
1677,3230,1
1685,3231,3
1699,202,3
1719,3232,3.5
1729,3233,1
1748,3234,3
1759,3235,3
1767,2235,3
1771,3236,3
1779,3237,4
1807,3044,4
1808,2977,3
1812,3238,4
1823,3239,2.5
1826,3240,4
1831,3241,4
1849,3242,3
1858,2435,5
1864,1718,3
1866,2641,3
1868,3243,4
1869,2811,1
1871,3244,0.5
1876,3030,2.5
1880,3245,3
1886,2016,3
1891,3246,4
1892,3247,2
1904,2860,3
1905,3248,4
1931,3249,4
1938,1106,3
1947,456,4
1955,2916,3
1972,1734,2
1988,2985,2.5
2010,2439,4
2011,3250,5
2042,3251,3
2081,3252,0.5
2090,3253,3
2094,2898,3
2109,3254,3.5
2115,3255,3
2117,3256,1
2119,3257,3
2130,2531,3
2136,2577,4.5
2140,2458,2
2148,3258,1
2152,3125,3
2153,3259,4
2162,1802,4
2164,2324,1
2191,3260,3
2200,2758,4
2257,3261,3
2259,3262,4
2261,2509,1
2286,3263,3
2288,3264,1
2290,758,5
2324,3265,2
2331,3266,3
2349,3267,3.5
2350,3268,3
2354,3269,3
2361,3270,1.5
2374,3271,3
2378,3272,3
2397,1610,4
2399,3273,3
2409,1240,3
2422,3274,3
2424,3275,5
2443,2543,5
2452,3276,3.5
2484,3277,2
2506,3278,3
2529,2423,4.5
2532,3279,5
2568,3280,2
2575,747,5
2611,2187,0.5
2614,1977,3
2616,3281,5
2625,3282,5
2631,3283,2
2636,2369,3
2641,2746,4
2646,3284,3
2649,3285,4
2652,3286,4
2656,3287,2
2657,3288,4
2658,3289,5
2670,3290,2
2672,1907,3
2680,1972,4
2682,3291,4
2686,3292,4
2694,3293,4
2701,3294,4
2740,3295,4
2770,3296,1
2772,928,3
2773,2027,3
2776,3200,4
2811,3297,3
2814,3298,2
2820,3299,5
2862,3300,3
2869,3301,5
2875,3302,4
2882,2592,2
2886,3303,3
2892,3304,5
2897,3305,4
2912,3306,4
2914,1172,0.5
2926,3307,4
2927,3308,5
2939,3309,3
2967,3310,3
2972,3146,5
2993,3311,2
3011,3312,3
3020,3313,3.5
3037,3314,3
3042,3315,3
3043,3316,3
3045,3317,3
3052,3318,1
3075,3319,3
3083,2558,2.5
3086,3320,3.5
3094,2496,3.5
3105,3321,3
3135,3322,4
3192,1079,4
3194,3323,3
3195,3324,1
3197,3246,3
3202,3325,4
3213,3326,2
3225,2390,3
3227,3327,4
3236,3328,4
3247,2458,4.5
3249,3329,3
3254,3330,1
3289,3331,2
3296,3332,4
3309,3333,3
3315,3334,3
3318,2398,2.5
3323,3335,5
3325,3336,4
3338,1467,4
3354,3089,5
3356,3337,2
3360,2673,3
3379,3338,3
3397,3339,2
3430,3340,3
3450,3341,1.5
3459,3342,3
3460,3343,3
3462,3344,3
3471,3345,2
3476,3346,3
3488,3347,3
3493,3348,5
3504,3349,5
3513,3350,3
3516,3351,0.5
3517,3352,3
3530,3353,3.5
3538,3354,2
3539,1850,3
3544,3355,3
3546,3071,3
3558,3356,3
3573,3044,3.5
3580,1936,2
3609,3357,1
3618,3358,3
3621,3359,3
3647,2541,1
3660,3360,2
3664,3361,4
3666,3362,3
3670,3363,3
3673,3364,2
3680,3365,4
3684,3366,4
3692,3367,5
3699,3368,3
3713,3369,3
3720,2289,3
3722,3370,5
3727,2056,4
3740,3284,4.5
3751,3371,0.5
3753,3372,3
3761,2945,3
3773,3373,3
3784,3374,3
3799,2749,3
3809,3375,3
3811,3376,4
3823,2171,2
3848,2932,3
3864,2557,3.5
3869,3377,5
3886,3378,3
3926,2978,3
3927,3379,3
3935,2517,4
3939,3380,5
3948,3381,3
3951,3382,3
3959,3383,2
3968,2095,3
3971,3384,3
3981,3385,3
3985,3386,3
3994,2548,2.5
4014,3387,1
4041,3388,3
4052,3389,0.5
4059,3390,4
4065,1815,2
4067,3391,3
4078,3392,4
4090,3393,4
4107,3394,4
4114,140,4
4116,2372,1
4123,639,3
4129,3395,2.5
4133,3396,5
4135,3397,3
4140,3398,3
4143,3399,3
4154,3395,3
4155,3400,3
4158,3401,2
4162,3402,3
4184,3403,3.5
4192,2082,1
4217,3404,1
4226,3405,4
4231,3406,2
4244,3407,3.5
4259,3408,3.5
4275,3409,3
4278,2525,4
4283,3410,4
4285,3411,3
4293,3412,3
4295,3413,3
4301,3414,3
4304,3415,4
4306,511,3
4308,3416,3
4311,3417,2.5
4330,3418,4
4333,3419,5
4338,3395,3
4357,3420,2
4359,3421,1
4381,3422,3
4418,3423,5
4425,3424,3
4428,3425,4
4432,3426,4
4434,3427,3
4450,3428,2.5
4452,3429,5
4456,3430,3
4457,3431,5
4496,2948,2
4506,2856,4
4507,2672,2
4529,3432,2.5
4533,3433,3
4544,3434,3
4548,2216,4
4558,3119,2.5
